grupo,codigo,descripcion,almacen,stock,conservar,nota
arnes de cuerpo completo,ART-00418,ARNES DE CUERPO COMPLETO,Almacén de Construcción,58,SI,
arnes de cuerpo completo,ART-01428,ARNES DE CUERPO COMPLETO,Almacén de Construcción AMPLIACION T4,38,,
arnes de cuerpo completo,ART-01456,ARNES DE CUERPO COMPLETO,Almacén de Construcción MBP,20,,
arnes de cuerpo completo,ART-01479,ARNES DE CUERPO COMPLETO,Almacén de Construcción SIX PARKS CANCUN,20,,
arnes de cuerpo completo,ART-01499,ARNES DE CUERPO COMPLETO,Almacén de Construcción TRES GUERRAS,14,,
artorcha arco aire,ART-01544,ARTORCHA ARCO AIRE,Almacén de Construcción AMPLIACION T4,2,SI,
artorcha arco aire,ART-01562,ARTORCHA ARCO AIRE,Almacén de Construcción PARKS NAVE A,1,,
boquilla de oxicorte #2,ART-00422,BOQUILLA DE OXICORTE #2,Almacén de Construcción,15,SI,
boquilla de oxicorte #2,ART-00752,Boquilla de oxicorte #2,Almacén de Insumos,48,,
boquilla de oxicorte #3,ART-00513,BOQUILLA DE OXICORTE #3,Almacén de Construcción,6,SI,
boquilla de oxicorte #3,ART-00753,Boquilla de oxicorte #3,Almacén de Insumos,22,,
botiquin primeros auxilios,ART-00425,BOTIQUIN PRIMEROS AUXILIOS,Almacén de Construcción,2,SI,
botiquin primeros auxilios,ART-01442,BOTIQUIN PRIMEROS AUXILIOS,Almacén de Construcción AMPLIACION T4,1,,
broca de 7/16,ART-00426,BROCA DE 7/16,Almacén de Construcción,12,SI,
broca de 7/16,ART-00762,Broca de 7/16,Almacén de Insumos,32,,
cable de acero flexible,ART-01437,CABLE DE ACERO FLEXIBLE,Almacén de Construcción AMPLIACION T4,380,SI,
cable de acero flexible,ART-01503,CABLE DE ACERO FLEXIBLE,Almacén de Construcción TRES GUERRAS,80,,
cable de aluminio,ART-01403,CABLE DE ALUMINIO,Almacén de Construcción AMPLIACION T4,30,SI,
cable de aluminio,ART-01472,CABLE DE ALUMINIO,Almacén de Construcción SIX PARKS CANCUN,25,,
cable de uso rudo 2x12,ART-01398,CABLE DE USO RUDO 2X12,Almacén de Construcción AMPLIACION T4,337.6,SI,
cable de uso rudo 2x12,ART-01443,CABLE DE USO RUDO 2X12,Almacén de Construcción MBP,260.1,,
cable de uso rudo 2x12,ART-01460,CABLE DE USO RUDO 2X12,Almacén de Construcción PARKS NAVE A,18.5,,
cable de uso rudo 2x8,ART-01399,CABLE DE USO RUDO 2X8,Almacén de Construcción AMPLIACION T4,515,SI,
cable de uso rudo 2x8,ART-01444,CABLE DE USO RUDO 2X8,Almacén de Construcción MBP,30,,
cable de uso rudo 2x8,ART-01461,CABLE DE USO RUDO 2X8,Almacén de Construcción PARKS NAVE A,148,,
cable de uso rudo 3x8,ART-01400,CABLE DE USO RUDO 3X8,Almacén de Construcción AMPLIACION T4,306,SI,
cable de uso rudo 3x8,ART-01492,CABLE DE USO RUDO 3X8,Almacén de Construcción TRES GUERRAS,102,,
cable portaelectrodo 1/0,ART-01401,CABLE PORTAELECTRODO 1/0,Almacén de Construcción AMPLIACION T4,175.8,SI,
cable portaelectrodo 1/0,ART-01445,CABLE PORTAELECTRODO 1/0,Almacén de Construcción MBP,34.72,,
cable portaelectrodo 1/0,ART-01459,CABLE PORTAELECTRODO 1/0,Almacén de Construcción PARKS NAVE A,13.5,,
careta de soldador,ART-00774,Careta de soldador,Almacén de Insumos,20,SI,
careta de soldador,ART-01430,CARETA DE SOLDADOR,Almacén de Construcción AMPLIACION T4,20,,
careta facial,ART-00430,CARETA FACIAL,Almacén de Construcción,6,SI,
careta facial,ART-00775,Careta facial,Almacén de Insumos,48,,
caretas faciales,ART-01431,CARETAS FACIALES,Almacén de Construcción AMPLIACION T4,6,SI,
caretas faciales,ART-01458,CARETAS FACIALES,Almacén de Construcción MBP,1,,
carritos de oxicorte,ART-00515,CARRITOS DE OXICORTE,Almacén de Construcción,7,SI,
carritos de oxicorte,ART-01486,CARRITOS DE OXICORTE,Almacén de Construcción TERRAZA ERNESTO ROSADO,1,,
carritos de oxicorte,ART-01493,CARRITOS DE OXICORTE,Almacén de Construcción TRES GUERRAS,2,,
cepillo de alambre,ART-00435,CEPILLO DE ALAMBRE,Almacén de Construcción,63,SI,
cepillo de alambre,ART-00780,Cepillo de alambre,Almacén de Insumos,34,,
chispero,ART-00437,CHISPERO,Almacén de Construcción,0,SI,
chispero,ART-00786,Chispero,Almacén de Insumos,36,,
cincel de corte frio,ART-01410,CINCEL DE CORTE FRIO,Almacén de Construcción AMPLIACION T4,5,SI,
cincel de corte frio,ART-01450,CINCEL DE CORTE FRIO,Almacén de Construcción MBP,4,,
cincel de corte frio,ART-01469,CINCEL DE CORTE FRIO,Almacén de Construcción PARKS NAVE A,1,,
cinta teflon,ART-00440,CINTA TEFLON,Almacén de Construcción,14,SI,
cinta teflon,ART-00795,Cinta teflon,Almacén de Insumos,151,,
compresor industrial,ART-01563,COMPRESOR INDUSTRIAL,Almacén de Construcción PARKS NAVE A,1,SI,
compresor industrial,ART-01573,COMPRESOR INDUSTRIAL,Almacén de Construcción TRES GUERRAS,1,,
cortadora de banco,ART-01511,CORTADORA DE BANCO,Almacén de Montaje,4,SI,
cortadora de banco,ART-01533,CORTADORA DE BANCO,Almacén de Producción,4,,
cortadora de banco,ART-01547,CORTADORA DE BANCO,Almacén de Construcción AMPLIACION T4,2,,
cristal sombra #11,ART-00448,CRISTAL SOMBRA #11,Almacén de Construcción,0,SI,
cristal sombra #11,ART-00801,Cristal sombra #11,Almacén de Insumos,130,,
cristal sombra #12,ART-00449,CRISTAL SOMBRA #12,Almacén de Construcción,70,SI,
cristal sombra #12,ART-00802,Cristal sombra #12,Almacén de Insumos,225,,
cruceta de andamio,ART-01452,CRUCETA DE ANDAMIO,Almacén de Construcción MBP,22,SI,
cruceta de andamio,ART-01488,CRUCETA DE ANDAMIO,Almacén de Construcción TERRAZA ERNESTO ROSADO,4,,
dados de impacto,ART-01420,DADOS DE IMPACTO,Almacén de Construcción AMPLIACION T4,34,SI,
dados de impacto,ART-01464,DADOS DE IMPACTO,Almacén de Construcción PARKS NAVE A,2,,
dados de impacto,ART-01497,DADOS DE IMPACTO,Almacén de Construcción TRES GUERRAS,4,,
"disco de desbaste 9""",ART-00510,"DISCO DE DESBASTE 9""",Almacén de Construcción,552,SI,
"disco de desbaste 9""",ART-00840,"Disco de desbaste 9""",Almacén de Insumos,284,,
"disco laminado 4 1/2""",ART-00451,"DISCO LAMINADO 4 1/2""",Almacén de Construcción,40,SI,
"disco laminado 4 1/2""",ART-00841,"Disco laminado 4 1/2""",Almacén de Insumos,0,,
equipo de oxicorte completo,ART-00516,EQUIPO DE OXICORTE COMPLETO,Almacén de Construcción,2,SI,
equipo de oxicorte completo,ART-01404,EQUIPO DE OXICORTE COMPLETO,Almacén de Construcción AMPLIACION T4,2,,
equipo de oxicorte completo,ART-01483,EQUIPO DE OXICORTE COMPLETO,Almacén de Construcción TERRAZA ERNESTO ROSADO,1,,
equipo de oxicorte completo,ART-01494,EQUIPO DE OXICORTE COMPLETO,Almacén de Construcción TRES GUERRAS,1,,
escalera telescopica,ART-01447,ESCALERA TELESCOPICA,Almacén de Construcción MBP,1,SI,
escalera telescopica,ART-01474,ESCALERA TELESCOPICA,Almacén de Construcción SIX PARKS CANCUN,2,,
"esmeriladora angular de 9""",ART-01527,"ESMERILADORA ANGULAR DE 9""",Almacén de Producción,46,SI,
"esmeriladora angular de 9""",ART-01534,"ESMERILADORA ANGULAR DE 9""",Almacén de Insumos,14,,
"esmeriladora angular de 9""",ART-01545,"ESMERILADORA ANGULAR DE 9""",Almacén de Construcción AMPLIACION T4,7,,
extintores pqs 4.5 kg,ART-00518,EXTINTORES PQS 4.5 KG,Almacén de Construcción,11,SI,
extintores pqs 4.5 kg,ART-01433,EXTINTORES PQS 4.5 KG,Almacén de Construcción AMPLIACION T4,3,,
extintores pqs 4.5 kg,ART-01502,EXTINTORES PQS 4.5 KG,Almacén de Construcción TRES GUERRAS,4,,
extintores pqs 6 kg,ART-00517,EXTINTORES PQS 6 KG,Almacén de Construcción,43,SI,
extintores pqs 6 kg,ART-01434,EXTINTORES PQS 6 KG,Almacén de Construcción AMPLIACION T4,3,,
extintores pqs 9 kg,ART-00519,EXTINTORES PQS 9 KG,Almacén de Construcción,2,SI,
extintores pqs 9 kg,ART-01435,EXTINTORES PQS 9 KG,Almacén de Construcción AMPLIACION T4,2,,
guantes de bolita,ART-00454,GUANTES DE BOLITA,Almacén de Construcción,0,SI,
guantes de bolita,ART-00887,Guantes de bolita,Almacén de Insumos,184,,
guantes de carnaza cortos,ART-00455,GUANTES DE CARNAZA CORTOS,Almacén de Construcción,270,SI,
guantes de carnaza cortos,ART-00900,Guantes de carnaza cortos,Almacén de Insumos,0,,
horno portatil p/soldadura,ART-01516,HORNO PORTATIL P/SOLDADURA,Almacén de Montaje,4,SI,
horno portatil p/soldadura,ART-01549,HORNO PORTATIL P/SOLDADURA,Almacén de Construcción AMPLIACION T4,8,,
lentes claros,ART-00461,LENTES CLAROS,Almacén de Construcción,359,SI,
lentes claros,ART-00972,Lentes claros,Almacén de Insumos,64,,
linea de vida doble gancho grande c,ART-00463,LINEA DE VIDA DOBLE GANCHO GRANDE C,Almacén de Construcción,22,SI,
linea de vida doble gancho grande c,ART-01429,LINEA DE VIDA DOBLE GANCHO GRANDE C,Almacén de Construcción AMPLIACION T4,41,,
linea de vida doble gancho grande c,ART-01457,LINEA DE VIDA DOBLE GANCHO GRANDE C,Almacén de Construcción MBP,17,,
linea de vida doble gancho grande c,ART-01471,LINEA DE VIDA DOBLE GANCHO GRANDE C,Almacén de Construcción PARKS NAVE A,4,,
linea de vida doble gancho grande c,ART-01480,LINEA DE VIDA DOBLE GANCHO GRANDE C,Almacén de Construcción SIX PARKS CANCUN,20,,
linea de vida doble gancho grande c,ART-01500,LINEA DE VIDA DOBLE GANCHO GRANDE C,Almacén de Construcción TRES GUERRAS,14,,
mangas de carnaza,ART-00470,MANGAS DE CARNAZA,Almacén de Construcción,100,SI,
mangas de carnaza,ART-01020,Mangas de carnaza,Almacén de Insumos,91,,
maquina de soldar mi2-300infra,ART-01526,MAQUINA DE SOLDAR MI2-300INFRA,Almacén de Montaje,24,SI,
maquina de soldar mi2-300infra,ART-01551,MAQUINA DE SOLDAR MI2-300INFRA,Almacén de Construcción AMPLIACION T4,4,,
maquina de soldar mi2-300infra,ART-01564,MAQUINA DE SOLDAR MI2-300INFRA,Almacén de Construcción PARKS NAVE A,1,,
maquinas de soldar inverter 220v 200 amp,ART-01524,MAQUINAS DE SOLDAR INVERTER 220V 200 AMP,Almacén de Montaje,9,SI,
maquinas de soldar inverter 220v 200 amp,ART-01550,MAQUINAS DE SOLDAR INVERTER 220V 200 AMP,Almacén de Construcción AMPLIACION T4,11,,
maquinas de soldar inverter 220v 200 amp,ART-01561,MAQUINAS DE SOLDAR INVERTER 220V 200 AMP,Almacén de Construcción MBP,1,,
maquinas de soldar inverter finearc300,ART-01532,MAQUINAS DE SOLDAR INVERTER FINEARC300,Almacén de Producción,4,SI,
maquinas de soldar inverter finearc300,ART-01539,MAQUINAS DE SOLDAR INVERTER FINEARC300,Almacén de Insumos,17,,
maquinas de soldar inverter finearc300,ART-01543,MAQUINAS DE SOLDAR INVERTER FINEARC300,Almacén de Mantenimiento,1,,
marco de andamio,ART-01453,MARCO DE ANDAMIO,Almacén de Construcción MBP,24,SI,
marco de andamio,ART-01487,MARCO DE ANDAMIO,Almacén de Construcción TERRAZA ERNESTO ROSADO,4,,
maroma para careta facial,ART-00472,MAROMA PARA CARETA FACIAL,Almacén de Construcción,30,SI,
maroma para careta facial,ART-01030,Maroma para careta facial,Almacén de Insumos,17,,
marro de acero grande,ART-00474,MARRO DE ACERO GRANDE,Almacén de Construcción,13,SI,
marro de acero grande,ART-01408,MARRO DE ACERO GRANDE,Almacén de Construcción AMPLIACION T4,2,,
marro de acero pequeno,ART-00475,MARRO DE ACERO PEQUEÑO,Almacén de Construcción,48,SI,
marro de acero pequeno,ART-01409,MARRO DE ACERO PEQUEÑO,Almacén de Construcción AMPLIACION T4,6,,
mazo de goma,ART-00473,MAZO DE GOMA,Almacén de Construcción,4,SI,
mazo de goma,ART-01440,MAZO DE GOMA,Almacén de Construcción AMPLIACION T4,1,,
mesa,ART-00477,MESA,Almacén de Construcción,4,SI,
mesa,ART-01476,MESA,Almacén de Construcción SIX PARKS CANCUN,1,,
mesa,ART-01504,MESA,Almacén de Construcción TRES GUERRAS,1,,
mica de careta facial,ART-00478,MICA DE CARETA FACIAL,Almacén de Construcción,18,SI,
mica de careta facial,ART-01042,Mica de careta facial,Almacén de Insumos,67,,
mini esmeril de 4 1/2,ART-01508,MINI ESMERIL DE 4 1/2,Almacén de Montaje,7,SI,
mini esmeril de 4 1/2,ART-01528,MINI ESMERIL DE 4 1/2,Almacén de Producción,24,,
mini esmeril de 4 1/2,ART-01535,MINI ESMERIL DE 4 1/2,Almacén de Insumos,1,,
mini esmeril de 4 1/2,ART-01541,MINI ESMERIL DE 4 1/2,Almacén de Mantenimiento,0,,
mini esmeril de 4 1/2,ART-01546,MINI ESMERIL DE 4 1/2,Almacén de Construcción AMPLIACION T4,4,,
mini esmeril de 4 1/2,ART-01567,MINI ESMERIL DE 4 1/2,Almacén de Construcción PARKS NAVE A,1,,
multiplicador de torque,ART-01558,MULTIPLICADOR DE TORQUE,Almacén de Construcción AMPLIACION T4,1,SI,
multiplicador de torque,ART-01577,MULTIPLICADOR DE TORQUE,Almacén de Construcción TRES GUERRAS,1,,
petos (mandiles),ART-00485,PETOS (MANDILES),Almacén de Construcción,19,SI,
petos (mandiles),ART-01050,Petos (mandiles),Almacén de Insumos,111,,
pijadora o atornillador,ART-01510,PIJADORA O ATORNILLADOR,Almacén de Montaje,4,SI,
pijadora o atornillador,ART-01553,PIJADORA O ATORNILLADOR,Almacén de Construcción AMPLIACION T4,3,,
pinza de tierra 600 amp,ART-00185,PINZA DE TIERRA 600 AMP,Almacén de Insumos,3,SI,
pinza de tierra 600 amp,ART-01142,PINZA DE TIERRA 600 AMP,Almacén de Mantenimiento,10,,
pistola controlbolt,ART-01523,PISTOLA CONTROLBOLT,Almacén de Montaje,9,SI,
pistola controlbolt,ART-01576,PISTOLA CONTROLBOLT,Almacén de Construcción TRES GUERRAS,2,,
pistola de impacto o de torque,ART-01512,PISTOLA DE IMPACTO O DE TORQUE,Almacén de Montaje,1,SI,
pistola de impacto o de torque,ART-01556,PISTOLA DE IMPACTO O DE TORQUE,Almacén de Construcción AMPLIACION T4,5,,
pistola de impacto o de torque,ART-01566,PISTOLA DE IMPACTO O DE TORQUE,Almacén de Construcción PARKS NAVE A,1,,
pistola o llave de impacto neumatica,ART-01569,PISTOLA O LLAVE DE IMPACTO NEUMATICA,Almacén de Construcción PARKS NAVE A,1,SI,
pistola o llave de impacto neumatica,ART-01575,PISTOLA O LLAVE DE IMPACTO NEUMATICA,Almacén de Construcción TRES GUERRAS,1,,
plataforma de andamio,ART-01454,PLATAFORMA DE ANDAMIO,Almacén de Construcción MBP,6,SI,
plataforma de andamio,ART-01489,PLATAFORMA DE ANDAMIO,Almacén de Construcción TERRAZA ERNESTO ROSADO,1,,
polainas (boteras),ART-00488,POLAINAS (BOTERAS),Almacén de Construcción,98,SI,
polainas (boteras),ART-01066,Polainas (boteras),Almacén de Insumos,98,,
recogedor,ART-00492,RECOGEDOR,Almacén de Construcción,6,SI,
recogedor,ART-00821,Recogedor,Almacén de Insumos,3,,
rectificador o esmeril recto,ART-01507,RECTIFICADOR O ESMERIL RECTO,Almacén de Montaje,10,SI,
rectificador o esmeril recto,ART-01530,RECTIFICADOR O ESMERIL RECTO,Almacén de Producción,30,,
rectificador o esmeril recto,ART-01537,RECTIFICADOR O ESMERIL RECTO,Almacén de Insumos,2,,
rectificador o esmeril recto,ART-01548,RECTIFICADOR O ESMERIL RECTO,Almacén de Construcción AMPLIACION T4,6,,
rectificador o esmeril recto,ART-01574,RECTIFICADOR O ESMERIL RECTO,Almacén de Construcción TRES GUERRAS,3,,
reflectores para exterior,ART-00493,REFLECTORES PARA EXTERIOR,Almacén de Construcción,3,SI,
reflectores para exterior,ART-01423,REFLECTORES PARA EXTERIOR,Almacén de Construcción AMPLIACION T4,1,,
reflectores para exterior,ART-01451,REFLECTORES PARA EXTERIOR,Almacén de Construcción MBP,3,,
reflectores para exterior,ART-01465,REFLECTORES PARA EXTERIOR,Almacén de Construcción PARKS NAVE A,6,,
roto martillo o taladro percutor,ART-01529,ROTO MARTILLO O TALADRO PERCUTOR,Almacén de Producción,5,SI,
roto martillo o taladro percutor,ART-01536,ROTO MARTILLO O TALADRO PERCUTOR,Almacén de Insumos,21,,
roto martillo o taladro percutor,ART-01542,ROTO MARTILLO O TALADRO PERCUTOR,Almacén de Mantenimiento,0,,
roto martillo o taladro percutor,ART-01555,ROTO MARTILLO O TALADRO PERCUTOR,Almacén de Construcción AMPLIACION T4,5,,
roto martillo o taladro percutor,ART-01568,ROTO MARTILLO O TALADRO PERCUTOR,Almacén de Construcción PARKS NAVE A,1,,
rueda de andamio,ART-00496,RUEDA DE ANDAMIO,Almacén de Construcción,8,SI,
rueda de andamio,ART-01455,RUEDA DE ANDAMIO,Almacén de Construcción MBP,16,,
sierra sable,ART-01509,SIERRA SABLE,Almacén de Montaje,1,SI,
sierra sable,ART-01572,SIERRA SABLE,Almacén de Construcción TERRAZA ERNESTO ROSADO,1,,
sillas pegables,ART-01477,SILLAS PEGABLES,Almacén de Construcción SIX PARKS CANCUN,2,SI,
sillas pegables,ART-01505,SILLAS PEGABLES,Almacén de Construcción TRES GUERRAS,3,,
tablero electrico,ART-01426,TABLERO ELECTRICO,Almacén de Construcción AMPLIACION T4,2,SI,
tablero electrico,ART-01466,TABLERO ELECTRICO,Almacén de Construcción PARKS NAVE A,1,,
tablero electrico,ART-01478,TABLERO ELECTRICO,Almacén de Construcción SIX PARKS CANCUN,1,,
tablero electrico,ART-01498,TABLERO ELECTRICO,Almacén de Construcción TRES GUERRAS,1,,
taladro magnetico,ART-01514,TALADRO MAGNETICO,Almacén de Montaje,1,SI,
taladro magnetico,ART-01531,TALADRO MAGNETICO,Almacén de Producción,4,,
taladro magnetico,ART-01538,TALADRO MAGNETICO,Almacén de Insumos,10,,
taladro magnetico,ART-01554,TALADRO MAGNETICO,Almacén de Construcción AMPLIACION T4,1,,
tanques de gas 20 kg,ART-00520,TANQUES DE GAS 20 KG,Almacén de Construcción,31,SI,
tanques de gas 20 kg,ART-01467,TANQUES DE GAS 20 KG,Almacén de Construcción PARKS NAVE A,1,,
tanques de gas 20 kg,ART-01484,TANQUES DE GAS 20 KG,Almacén de Construcción TERRAZA ERNESTO ROSADO,1,,
tanques de gas 20 kg,ART-01495,TANQUES DE GAS 20 KG,Almacén de Construcción TRES GUERRAS,2,,
tanques oxigeno 9 m3,ART-00521,TANQUES OXIGENO 9 M3,Almacén de Construcción,27,SI,
tanques oxigeno 9 m3,ART-01468,TANQUES OXIGENO 9 M3,Almacén de Construcción PARKS NAVE A,1,,
tanques oxigeno 9 m3,ART-01473,TANQUES OXIGENO 9 M3,Almacén de Construcción SIX PARKS CANCUN,4,,
tanques oxigeno 9 m3,ART-01485,TANQUES OXIGENO 9 M3,Almacén de Construcción TERRAZA ERNESTO ROSADO,1,,
tanques oxigeno 9 m3,ART-01496,TANQUES OXIGENO 9 M3,Almacén de Construcción TRES GUERRAS,3,,
tapones auditivos,ART-00251,TAPONES AUDITIVOS,Almacén de Insumos,0,SI,mismo almacen: se suman existencias
tapones auditivos,ART-00501,TAPONES AUDITIVOS,Almacén de Construcción,319,,
tapones auditivos,ART-01104,Tapones auditivos,Almacén de Insumos,198,,mismo almacen: se suman existencias
tornillo control volt a-490 de 1 1/8 x 5 3/4,ART-00692,TORNILLO CONTROL VOLT  A-490 de 1 1/8 x 5 3/4,Almacén de Construcción,60,SI,mismo almacen: se suman existencias
tornillo control volt a-490 de 1 1/8 x 5 3/4,ART-00708,TORNILLO CONTROL VOLT A-490 DE 1 1/8 X 5 3/4,Almacén de Construcción,60,,mismo almacen: se suman existencias
tornillo negro a-325 de 1 1/2 x 4 1/2,ART-00600,TORNILLO NEGRO A-325 DE 1 1/2 X 4 1/2,Almacén de Construcción,36,SI,mismo almacen: se suman existencias
tornillo negro a-325 de 1 1/2 x 4 1/2,ART-00605,TORNILLO NEGRO A-325  DE 1 1/2 X 4 1/2,Almacén de Construcción,94,,mismo almacen: se suman existencias
